模型,RMSE,MAE
线性回归,0.06154359521991298,0.04096109447883532
决策树,0.04041825778808818,0.013189603444424904
随机森林,0.03648089964082316,0.012934868228169036
XGBoost,0.04603936630949865,0.022427153397183198
